battery_power,blue,clock_speed,dual_sim,fc,four_g,int_memory,m_dep,mobile_wt,n_cores,pc,px_height,px_width,ram,sc_h,sc_w,talk_time,three_g,touch_screen,wifi,price_range_0.0,price_range_1.0,price_range_2.0,price_range_3.0
-1.6515017758111736,-0.9900495037128095,0.4630423088631546,-1.019183979313898,0.8502754349501459,-1.0439655927422493,-0.2781792897533724,-0.3528778083424879,0.95366582002808,1.5212493854529547,0.5085935005072734,-0.8184193687770324,-1.2532429957748,1.1764251585654766,0.8768594557378216,0.053497934059360104,0.3641130581304287,-1.7868609675630667,0.9940178924830986,0.9860966422066364,0.0,0.0,1.0,0.0
1.123314668860907,1.0100505037878158,-0.5175899799271135,-1.019183979313898,-0.07130747788025202,0.9578859753157553,-1.1050274709285601,1.0343568190481278,-0.6004102103575202,1.5212493854529547,-0.15116781035022395,0.4032097274619698,-0.8574933777537261,-0.7526440604491218,0.8768594557378216,0.2831028012669145,-0.002013697154064573,0.5596406313378746,-1.0060181084889308,0.9860966422066364,0.0,1.0,0.0,0.0
1.637759719308725,-0.9900495037128095,-1.253064196519815,-1.019183979313898,0.38948397853494693,0.9578859753157553,1.0999010122052737,-0.3528778083424879,0.36029133569903266,-1.539174726681169,0.6735338282216478,1.980959482752194,1.3804591405291884,0.8665937734847381,-1.259795506125017,0.053497934059360104,-1.4665207182920377,0.5596406313378746,-1.0060181084889308,-1.0140993866100703,0.0,0.0,0.0,1.0
-1.674264831140723,-0.9900495037128095,1.198516525455856,-1.019183979313898,-0.3017032060878515,-1.0439655927422493,1.375517072597003,0.34073950535281977,1.2644810261052,0.6468424962717766,0.17871284507852472,0.29952902925718367,0.09137997539621696,-1.6775276296038266,-0.310171078630422,0.5127076684744689,0.9133031910571687,-1.7868609675630667,-1.0060181084889308,0.9860966422066364,1.0,0.0,0.0,0.0
-1.6719885256077682,-0.9900495037128095,1.5662536337522064,0.981177118456265,-0.9928903907106499,-1.0439655927422493,0.4384224672651236,-0.006069151494834045,1.066689531328851,-0.6647678374999909,-1.635630759779593,-0.04306806046297931,-0.13079524875596485,-1.525378288715964,-1.4972016129986656,-1.3241312691859664,0.9133031910571687,0.5596406313378746,-1.0060181084889308,-1.0140993866100703,1.0,0.0,0.0,0.0
-1.5263049714986514,-0.9900495037128095,0.5856213449619383,-1.019183979313898,-0.7624946625030504,-1.0439655927422493,0.2179296189517402,-0.6996864651901419,1.0949454591540435,-0.6647678374999909,-0.9758694489220956,-1.0460661191831933,1.0448819790493304,-1.0827620243149088,1.1142655626114704,0.7423125356820234,-0.36814045243855786,0.5596406313378746,-1.0060181084889308,-1.0140993866100703,1.0,0.0,0.0,0.0
-0.05125898614384576,-0.9900495037128095,1.8114117059497739,-1.019183979313898,-0.07130747788025202,-1.0439655927422493,0.8242849518135446,-0.3528778083424879,1.6600640156578983,-0.6647678374999909,-0.4810484657789726,2.720247939516756,1.6558638454678305,0.13258846835298838,0.16464113511687545,-0.1761069331481943,-1.2834573406497911,-1.7868609675630667,0.9940178924830986,0.9860966422066364,0.0,0.0,1.0,0.0
1.469313109870059,-0.9900495037128095,-0.6401690160258973,0.981177118456265,-0.3017032060878515,-1.0439655927422493,-0.44354892598840995,-0.006069151494834045,0.24726762439826172,0.6468424962717766,-0.9758694489220956,1.1785610357760228,-0.1678244527813285,-0.6714977453089284,0.6394533488641729,0.5127076684744689,-0.36814045243855786,0.5596406313378746,0.9940178924830986,0.9860966422066364,0.0,1.0,0.0,0.0
-0.5383883701962044,-0.9900495037128095,1.4436745976534233,0.981177118456265,2.6934412606109417,0.9578859753157553,-1.160150683006906,-0.3528778083424879,1.2644810261052,0.6468424962717766,1.333295139079145,-0.8116575841115028,-1.711479395588675,-1.0726187349223846,-0.5475771855040708,0.2831028012669145,1.4624933239839086,0.5596406313378746,-1.0060181084889308,0.9860966422066364,1.0,0.0,0.0,0.0
1.2211958067779698,1.0100505037878158,-0.027273835531979467,-1.019183979313898,-0.3017032060878515,-1.0439655927422493,0.49354567934346943,-1.3933037788854497,0.6428506139509599,-1.539174726681169,-0.4810484657789726,2.2266376589331003,1.4290599708124783,0.20174725966565324,1.5890777763587678,1.6607320045122411,0.5471764357726754,0.5596406313378746,0.9940178924830986,0.9860966422066364,0.0,0.0,0.0,1.0
0.07849042923458623,1.0100505037878158,-1.007906124322248,-1.019183979313898,-0.7624946625030504,-1.0439655927422493,-0.4986721380667558,0.34073950535281977,1.066689531328851,0.6468424962717766,0.6735338282216478,-0.3608719397428673,0.3413271025674215,-1.4442319735757705,-1.0223893992513682,-0.1761069331481943,0.3641130581304287,0.5596406313378746,-1.0060181084889308,-1.0140993866100703,1.0,0.0,0.0,0.0
1.039091364141574,-0.9900495037128095,0.9533584532582887,0.981177118456265,-0.7624946625030504,-1.0439655927422493,0.10768319479504852,-0.3528778083424879,-1.5893676842392657,0.2096390516811874,0.013772517364150388,0.15302369483737713,1.1351406638611543,1.080524967945248,1.1142655626114704,0.053497934059360104,0.5471764357726754,-1.7868609675630667,-1.0060181084889308,-1.0140993866100703,0.0,0.0,0.0,1.0
1.5489838035234822,-0.9900495037128095,-0.027273835531979467,-1.019183979313898,0.15908825032734747,0.9578859753157553,0.8794081638918904,1.0343568190481278,0.2755235522234544,-0.22756439290940172,-0.6459887934933469,-0.7688329478964824,-0.14005254976230574,-0.6761083313964393,1.5890777763587678,1.6607320045122411,0.18104968048818207,0.5596406313378746,-1.0060181084889308,0.9860966422066364,0.0,1.0,0.0,0.0
-0.45644137100982635,-0.9900495037128095,-0.3950109438283302,-1.019183979313898,-0.3017032060878515,-1.0439655927422493,0.6037921035001611,0.6875481622004737,0.021220201796719875,-1.539174726681169,-0.8109291212077213,-1.4450114144494357,-1.4198744138889363,1.4613593787736558,-0.310171078630422,-1.3241312691859664,0.18104968048818207,0.5596406313378746,0.9940178924830986,0.9860966422066364,0.0,0.0,0.0,1.0
-1.676541136673678,-0.9900495037128095,-0.8853270882234643,-1.019183979313898,0.6198797067425464,-1.0439655927422493,1.0999010122052737,1.7279741327434355,-1.6458795398896513,0.6468424962717766,-0.31610813806459825,-0.8206732969988755,-0.21411095781303302,0.49959112091886326,-1.7346077198723144,-0.4057118003557487,1.6455567016261552,0.5596406313378746,0.9940178924830986,-1.0140993866100703,0.0,0.0,1.0,0.0
-1.0209651431826532,-0.9900495037128095,-1.253064196519815,0.981177118456265,0.6198797067425464,0.9578859753157553,0.658915315578507,-1.3933037788854497,-1.448088045113302,1.5212493854529547,-0.31610813806459825,1.0252939166906867,0.42927146212766015,1.1985559717855294,0.16464113511687545,1.2015222700971322,-0.36814045243855786,0.5596406313378746,0.9940178924830986,-1.0140993866100703,0.0,0.0,0.0,1.0
1.5057339983973381,1.0100505037878158,0.5856213449619383,0.981177118456265,-0.7624946625030504,-1.0439655927422493,0.49354567934346943,-0.006069151494834045,1.4057606652311636,1.5212493854529547,-0.6459887934933469,0.6015554109841694,0.7972491771297112,-1.1749737460651286,-1.7346077198723144,-1.094526401978412,-1.2834573406497911,0.5596406313378746,0.9940178924830986,0.9860966422066364,0.0,1.0,0.0,0.0
-1.0414518929792478,-0.9900495037128095,-0.5175899799271135,-1.019183979313898,-0.532098934295451,-1.0439655927422493,0.3281760431084319,-0.3528778083424879,1.6318080878327055,0.2096390516811874,-0.4810484657789726,-0.7688329478964824,0.977766546753359,1.2760138180557141,0.16464113511687545,0.5127076684744689,-1.1003939630075446,-1.7868609675630667,-1.0060181084889308,0.9860966422066364,0.0,0.0,0.0,1.0
-0.5452172867950693,-0.9900495037128095,0.21788423666558757,-1.019183979313898,0.38948397853494693,-1.0439655927422493,0.9345313759702363,0.34073950535281977,-0.2330831486300147,-1.539174726681169,1.1683548113647708,-0.0836387684561565,1.6628068212225862,-0.48523006737348434,-1.259795506125017,-1.3241312691859664,-0.5512038300808045,-1.7868609675630667,0.9940178924830986,-1.0140993866100703,0.0,1.0,0.0,0.0
1.6559701635723647,-0.9900495037128095,-0.8853270882234643,0.981177118456265,2.4630455324033425,0.9578859753157553,0.8794081638918904,-1.0464951220377958,0.10598798527229807,-1.539174726681169,1.0034144836503964,1.345351724192418,1.6697497969773418,-0.8042826246292449,-1.4972016129986656,-0.4057118003557487,1.4624933239839086,0.5596406313378746,0.9940178924830986,0.9860966422066364,0.0,0.0,1.0,0.0
1.7151541074291932,1.0100505037878158,0.0953052005668042,-1.019183979313898,0.15908825032734747,0.9578859753157553,1.375517072597003,1.7279741327434355,-1.1372728390361821,-1.10197128209058,0.838474155936022,2.0440694729638027,0.7972491771297112,-1.3999703471356648,-0.7849832923777195,-0.6353166675633032,-1.2834573406497911,0.5596406313378746,0.9940178924830986,0.9860966422066364,0.0,1.0,0.0,0.0
-0.8821105056724015,-0.9900495037128095,0.9533584532582887,0.981177118456265,0.6198797067425464,0.9578859753157553,1.2101474363619655,1.7279741327434355,-1.1090169112109893,-1.10197128209058,-0.15116781035022395,0.32206831147561543,-0.5658883960539876,-1.0320455773522879,-0.07276497175677328,-0.8649215347708576,0.5471764357726754,0.5596406313378746,-1.0060181084889308,0.9860966422066364,1.0,0.0,0.0,0.0
-1.0687675593747072,1.0100505037878158,1.6888326698509901,0.981177118456265,-0.9928903907106499,-1.0439655927422493,-1.2703971071635978,-1.3933037788854497,1.1797132426296217,0.2096390516811874,-1.4706904320652185,-0.8950529283197004,-0.8736936545148227,1.6799011593216768,-1.7346077198723144,-0.8649215347708576,-0.7342672077230512,-1.7868609675630667,-1.0060181084889308,-1.0140993866100703,0.0,0.0,0.0,1.0
-1.0619386427758424,-0.9900495037128095,1.3210955615546396,0.981177118456265,0.6198797067425464,-1.0439655927422493,-1.4357667433986352,-1.3933037788854497,-1.1372728390361821,-1.10197128209058,0.013772517364150388,0.21613368504898609,0.5079585206815579,-1.1021264858824549,0.16464113511687545,0.053497934059360104,1.279429946341662,-1.7868609675630667,0.9940178924830986,0.9860966422066364,1.0,0.0,0.0,0.0
-0.991373171254239,1.0100505037878158,0.7082003810607219,-1.019183979313898,0.6198797067425464,-1.0439655927422493,-0.8294114105368309,1.7279741327434355,1.6318080878327055,-0.22756439290940172,0.17871284507852472,-0.6786758190227553,0.4362144378824158,0.512500761963894,-1.259795506125017,-1.094526401978412,-1.2834573406497911,0.5596406313378746,-1.0060181084889308,0.9860966422066364,0.0,0.0,1.0,0.0
-0.9549522827269598,-0.9900495037128095,-1.1304851604210315,0.981177118456265,0.8502754349501459,0.9578859753157553,0.5486688914218153,1.3811654758957816,1.3492488095807782,0.6468424962717766,1.6631757945078938,-0.6899454601319712,-0.02202196193145917,-0.2860527483930096,-1.7346077198723144,-0.4057118003557487,0.3641130581304287,0.5596406313378746,-1.0060181084889308,0.9860966422066364,0.0,1.0,0.0,0.0
-0.5748092587234837,1.0100505037878158,-0.027273835531979467,-1.019183979313898,-0.7624946625030504,0.9578859753157553,-0.4986721380667558,1.0343568190481278,1.2079691704548146,1.5212493854529547,-1.14080977663647,-0.3924269348486718,-1.0449537231321295,0.24047618280074556,0.8768594557378216,0.7423125356820234,1.4624933239839086,0.5596406313378746,-1.0060181084889308,-1.0140993866100703,0.0,1.0,0.0,0.0
-0.24019234537910636,-0.9900495037128095,-0.14985287163076313,-1.019183979313898,-0.3017032060878515,-1.0439655927422493,0.5486688914218153,-1.3933037788854497,1.6600640156578983,0.2096390516811874,0.34365317279289903,0.19134047460871112,0.6745899387956942,-0.6152485950412943,1.351671669485119,1.4311271373046865,1.6455567016261552,0.5596406313378746,-1.0060181084889308,0.9860966422066364,0.0,1.0,0.0,0.0
-1.1529908640940403,1.0100505037878158,-0.2724319077295465,-1.019183979313898,0.15908825032734747,0.9578859753157553,-0.002563229361643179,-0.3528778083424879,0.6428506139509599,1.5212493854529547,-0.4810484657789726,2.2897476491447093,1.3526872375101657,1.6218077746190385,-0.07276497175677328,-0.8649215347708576,-1.1003939630075446,0.5596406313378746,-1.0060181084889308,0.9860966422066364,0.0,0.0,0.0,1.0
-0.8525185337439871,-0.9900495037128095,1.198516525455856,-1.019183979313898,1.311066891365345,0.9578859753157553,-0.44354892598840995,0.6875481622004737,0.219011696573069,-0.22756439290940172,0.838474155936022,1.6158231108135992,0.2927262722841317,1.6964992692367165,0.16464113511687545,0.5127076684744689,0.18104968048818207,0.5596406313378746,0.9940178924830986,-1.0140993866100703,0.0,0.0,0.0,1.0
-0.9799916435894642,1.0100505037878158,-1.253064196519815,0.981177118456265,-0.3017032060878515,-1.0439655927422493,0.7691617397351987,-0.006069151494834045,-0.9959931999102184,1.5212493854529547,0.838474155936022,-1.1858096689374702,-1.672135866311726,-0.9610425516046186,0.6394533488641729,-0.1761069331481943,-0.18507707479631122,0.5596406313378746,-1.0060181084889308,0.9860966422066364,1.0,0.0,0.0,0.0
-1.6105282762179847,1.0100505037878158,-1.253064196519815,0.981177118456265,-0.9928903907106499,0.9578859753157553,-1.1050274709285601,-0.006069151494834045,-0.5438983547071348,-0.22756439290940172,-1.14080977663647,-1.0979064682855864,0.9384230174764101,0.19068185305562688,1.351671669485119,1.4311271373046865,1.6455567016261552,0.5596406313378746,-1.0060181084889308,0.9860966422066364,0.0,1.0,0.0,0.0
1.6696279967700942,1.0100505037878158,0.0953052005668042,-1.019183979313898,-0.9928903907106499,-1.0439655927422493,0.8794081638918904,-0.006069151494834045,-1.3633202616377238,1.5212493854529547,-1.3057501043508444,-0.8003879430022869,-1.0356964221257887,0.6895472677243161,-1.259795506125017,-0.8649215347708576,-0.002013697154064573,0.5596406313378746,-1.0060181084889308,0.9860966422066364,0.0,0.0,0.0,1.0
1.0186046143449794,1.0100505037878158,1.5662536337522064,0.981177118456265,-0.3017032060878515,-1.0439655927422493,0.3281760431084319,-1.3933037788854497,0.7276183974265381,-0.22756439290940172,-0.9758694489220956,-0.559217623265067,0.46630066615302374,0.7688493484295051,0.40204724199052416,1.2015222700971322,-1.6495840959342845,-1.7868609675630667,-1.0060181084889308,-1.0140993866100703,0.0,0.0,0.0,1.0
-0.39270481608708785,-0.9900495037128095,0.0953052005668042,-1.019183979313898,0.15908825032734747,-1.0439655927422493,0.38329925518677777,0.34073950535281977,-0.26133907645520743,0.2096390516811874,1.1683548113647708,-0.5502019103776942,0.774105924613859,0.5567623884039995,-1.4972016129986656,-1.3241312691859664,1.0963665686994153,0.5596406313378746,0.9940178924830986,0.9860966422066364,0.0,0.0,1.0,0.0
-1.674264831140723,-0.9900495037128095,-0.3950109438283302,0.981177118456265,0.15908825032734747,0.9578859753157553,-1.3255203192419436,-0.3528778083424879,-0.826457632959062,-0.6647678374999909,0.5085935005072734,-1.0009875547463296,-0.01507898617670349,0.4230553918661808,-0.310171078630422,-1.3241312691859664,0.18104968048818207,0.5596406313378746,-1.0060181084889308,-1.0140993866100703,0.0,1.0,0.0,0.0
-0.5247305369984747,-0.9900495037128095,1.198516525455856,-1.019183979313898,-0.3017032060878515,-1.0439655927422493,0.2179296189517402,1.7279741327434355,-0.8829694886094475,-1.539174726681169,0.6735338282216478,0.405463655683813,1.6674354717257567,-0.9601204343871164,-1.4972016129986656,-0.4057118003557487,-0.9173305853652978,-1.7868609675630667,-1.0060181084889308,-1.0140993866100703,0.0,1.0,0.0,0.0
-0.29254737263707015,-0.9900495037128095,-0.027273835531979467,-1.019183979313898,-0.532098934295451,0.9578859753157553,-1.1050274709285601,-0.6996864651901419,0.36029133569903266,1.5212493854529547,-0.8109291212077213,0.7119978938544851,1.6165203161908817,-1.3833722372206254,-0.7849832923777195,0.2831028012669145,0.7302398134149221,0.5596406313378746,-1.0060181084889308,-1.0140993866100703,1.0,0.0,0.0,0.0
-1.421594916982724,-0.9900495037128095,0.21788423666558757,0.981177118456265,-0.9928903907106499,0.9578859753157553,1.430640284675349,-1.0464951220377958,-0.3461068599307856,1.0840459408623657,-1.3057501043508444,-1.4044407064562585,-1.6952791188275784,1.256649356488168,0.6394533488641729,0.053497934059360104,-0.002013697154064573,0.5596406313378746,0.9940178924830986,0.9860966422066364,0.0,0.0,1.0,0.0
0.47456759196874704,1.0100505037878158,1.198516525455856,0.981177118456265,-0.532098934295451,-1.0439655927422493,-1.2703971071635978,-1.0464951220377958,0.4168031913494181,1.5212493854529547,1.0034144836503964,0.20711797216161337,0.4709293166561942,-1.4350108014007485,-0.07276497175677328,1.2015222700971322,-0.5512038300808045,-1.7868609675630667,-1.0060181084889308,-1.0140993866100703,1.0,0.0,0.0,0.0
-0.9321892273974103,-0.9900495037128095,-1.253064196519815,-1.019183979313898,-0.9928903907106499,-1.0439655927422493,1.3203938605186571,0.34073950535281977,-0.3178509321055929,1.0840459408623657,-1.4706904320652185,-1.2489196591490792,1.537833257636984,-1.2026372625901944,-0.07276497175677328,0.053497934059360104,-0.002013697154064573,0.5596406313378746,-1.0060181084889308,0.9860966422066364,1.0,0.0,0.0,0.0
-1.4534631944440932,-0.9900495037128095,-1.253064196519815,-1.019183979313898,-0.7624946625030504,-1.0439655927422493,0.8794081638918904,1.0343568190481278,1.4340165930563564,-0.6647678374999909,-0.4810484657789726,-0.3248090881933765,0.4940725691720465,1.1699703380429614,-0.07276497175677328,0.2831028012669145,-0.5512038300808045,0.5596406313378746,-1.0060181084889308,-1.0140993866100703,0.0,0.0,1.0,0.0
-0.20149515131887227,1.0100505037878158,1.4436745976534233,-1.019183979313898,-0.9928903907106499,-1.0439655927422493,0.38329925518677777,-0.3528778083424879,0.3037794800486472,1.5212493854529547,-1.4706904320652185,-0.559217623265067,-1.0449537231321295,-1.037578280657301,-1.4972016129986656,-0.8649215347708576,-0.002013697154064573,0.5596406313378746,0.9940178924830986,-1.0140993866100703,1.0,0.0,0.0,0.0
-1.1962406692201841,-0.9900495037128095,-0.14985287163076313,0.981177118456265,-0.07130747788025202,-1.0439655927422493,1.1550242242836197,1.0343568190481278,-1.1937846946865676,-1.539174726681169,1.1683548113647708,-1.1767939560500975,0.5218444721910692,-0.6106380089537833,1.5890777763587678,2.8087563405500133,0.3641130581304287,0.5596406313378746,-1.0060181084889308,0.9860966422066364,1.0,0.0,0.0,0.0
-0.04670637507793586,1.0100505037878158,1.5662536337522064,0.981177118456265,-0.3017032060878515,-1.0439655927422493,0.38329925518677777,1.0343568190481278,0.2755235522234544,1.0840459408623657,0.6735338282216478,1.0748803375712366,1.1443979648674953,-0.4216039793658327,-0.5475771855040708,-1.3241312691859664,0.18104968048818207,-1.7868609675630667,-1.0060181084889308,-1.0140993866100703,0.0,1.0,0.0,0.0
-1.6719885256077682,1.0100505037878158,-0.6401690160258973,-1.019183979313898,0.8502754349501459,-1.0439655927422493,-0.9947810467718684,-0.006069151494834045,1.377504737405971,1.0840459408623657,-0.15116781035022395,0.531683636107031,-0.28354071536058983,-0.4769310124159646,0.6394533488641729,-1.3241312691859664,-0.18507707479631122,0.5596406313378746,0.9940178924830986,0.9860966422066364,1.0,0.0,0.0,0.0
-1.3191611679997512,-0.9900495037128095,-0.14985287163076313,0.981177118456265,-0.532098934295451,0.9578859753157553,-1.6011363796336728,-1.3933037788854497,-1.561111756414073,1.5212493854529547,-0.6459887934933469,-1.0257807651866047,-1.375902234108817,-1.0670860316173714,-0.5475771855040708,-1.094526401978412,0.5471764357726754,0.5596406313378746,-1.0060181084889308,0.9860966422066364,1.0,0.0,0.0,0.0
0.9821837258177003,1.0100505037878158,0.0953052005668042,0.981177118456265,-0.9928903907106499,-1.0439655927422493,0.8242849518135446,1.0343568190481278,-0.03529165385366558,1.5212493854529547,0.838474155936022,2.391174419127652,1.468403500089427,-1.1509986984100715,0.8768594557378216,-1.3241312691859664,-1.1003939630075446,0.5596406313378746,0.9940178924830986,-1.0140993866100703,0.0,1.0,0.0,0.0
0.6999218397312869,1.0100505037878158,-1.253064196519815,0.981177118456265,-0.3017032060878515,0.9578859753157553,-1.4357667433986352,-1.0464951220377958,-1.1090169112109893,-1.539174726681169,-0.9758694489220956,-1.2489196591490792,0.15155243193743287,1.2880013418832426,0.6394533488641729,1.2015222700971322,-0.36814045243855786,0.5596406313378746,-1.0060181084889308,-1.0140993866100703,0.0,0.0,0.0,1.0
-0.4450598433450516,1.0100505037878158,-1.253064196519815,-1.019183979313898,0.6198797067425464,-1.0439655927422493,0.5486688914218153,-1.3933037788854497,-0.826457632959062,-0.6647678374999909,-0.31610813806459825,0.15978547950290664,0.8666789346772681,-1.1178024785799923,0.8768594557378216,0.7423125356820234,-0.9173305853652978,-1.7868609675630667,0.9940178924830986,-1.0140993866100703,1.0,0.0,0.0,0.0
-0.7500847847610145,1.0100505037878158,-1.007906124322248,0.981177118456265,0.6198797067425464,-1.0439655927422493,0.8242849518135446,-1.3933037788854497,0.16249984092268352,-0.6647678374999909,-0.15116781035022395,-0.5299165563811056,0.9060224639542169,-0.8116595623692625,0.40204724199052416,0.9719174028895778,0.9133031910571687,-1.7868609675630667,0.9940178924830986,-1.0140993866100703,1.0,0.0,0.0,0.0
-1.5240286659656965,1.0100505037878158,1.198516525455856,0.981177118456265,-0.9928903907106499,-1.0439655927422493,0.49354567934346943,-0.6996864651901419,-0.45913057123155654,-1.539174726681169,-1.4706904320652185,-0.5795029772616556,-1.4962471471912488,0.4857593626563303,1.1142655626114704,0.2831028012669145,-1.2834573406497911,-1.7868609675630667,-1.0060181084889308,-1.0140993866100703,0.0,1.0,0.0,0.0
-1.419318611449769,1.0100505037878158,-1.253064196519815,0.981177118456265,0.6198797067425464,-1.0439655927422493,1.430640284675349,-0.006069151494834045,-0.28959500428040014,0.2096390516811874,-0.31610813806459825,0.8472335871650758,1.6350349182035635,-0.20121796438280734,0.40204724199052416,-0.1761069331481943,-1.1003939630075446,0.5596406313378746,-1.0060181084889308,-1.0140993866100703,0.0,1.0,0.0,0.0
1.0914463913995378,1.0100505037878158,1.198516525455856,0.981177118456265,2.2326498041957428,0.9578859753157553,-1.4357667433986352,-1.3933037788854497,1.2079691704548146,0.2096390516811874,1.0034144836503964,-0.1828116102172563,-0.6283751778467886,1.503776770778757,-1.259795506125017,-1.094526401978412,-0.5512038300808045,0.5596406313378746,0.9940178924830986,0.9860966422066364,0.0,0.0,0.0,1.0
-0.09906140233589965,1.0100505037878158,1.5662536337522064,-1.019183979313898,-0.7624946625030504,0.9578859753157553,-0.6640417743017933,1.0343568190481278,-0.8547135607842548,-1.10197128209058,0.6735338282216478,2.1071794631754117,0.9268513912184839,-1.4940263033208891,-0.7849832923777195,-0.6353166675633032,0.18104968048818207,0.5596406313378746,0.9940178924830986,-1.0140993866100703,1.0,0.0,0.0,0.0
0.5405804524244405,1.0100505037878158,-0.3950109438283302,0.981177118456265,-0.9928903907106499,0.9578859753157553,1.2652706484403113,-1.3933037788854497,0.8688980365525018,-0.22756439290940172,-0.8109291212077213,2.2446690847078457,0.9592519447406771,-0.5488561553811361,0.16464113511687545,0.5127076684744689,-1.4665207182920377,0.5596406313378746,-1.0060181084889308,0.9860966422066364,0.0,0.0,1.0,0.0
1.382813499617771,1.0100505037878158,-1.1304851604210315,-1.019183979313898,-0.7624946625030504,-1.0439655927422493,-0.7191649863801393,0.6875481622004737,0.5298269026501891,-1.539174726681169,-1.3057501043508444,-1.2669510849238246,-1.1074405049249307,-0.7295911300115668,0.6394533488641729,0.053497934059360104,-0.002013697154064573,-1.7868609675630667,0.9940178924830986,0.9860966422066364,0.0,1.0,0.0,0.0
-1.2645298352088326,-0.9900495037128095,-1.007906124322248,-1.019183979313898,0.15908825032734747,-1.0439655927422493,-0.7191649863801393,1.3811654758957816,0.9254098922028873,-0.22756439290940172,1.1683548113647708,0.6962203963015828,1.6975216999963647,0.45901796334876654,0.8768594557378216,-0.6353166675633032,-1.1003939630075446,-1.7868609675630667,-1.0060181084889308,0.9860966422066364,0.0,0.0,1.0,0.0
1.596786219715536,1.0100505037878158,-0.7627480521246808,0.981177118456265,-0.07130747788025202,-1.0439655927422493,-0.8294114105368309,0.6875481622004737,-1.3350643338125312,0.2096390516811874,-0.4810484657789726,-1.2015871664903726,-0.9107228585401864,0.15932986766055213,0.40204724199052416,0.053497934059360104,-0.5512038300808045,-1.7868609675630667,0.9940178924830986,-1.0140993866100703,0.0,0.0,1.0,0.0
-0.1992188457859173,1.0100505037878158,1.6888326698509901,0.981177118456265,-0.9928903907106499,-1.0439655927422493,-0.05768644143998903,0.34073950535281977,-0.3461068599307856,1.5212493854529547,-1.4706904320652185,0.8494875153869189,0.713933468072643,0.233099245060728,1.351671669485119,0.5127076684744689,0.3641130581304287,-1.7868609675630667,0.9940178924830986,-1.0140993866100703,0.0,0.0,1.0,0.0
1.3623267498211764,-0.9900495037128095,-0.6401690160258973,0.981177118456265,0.15908825032734747,0.9578859753157553,-1.1050274709285601,1.3811654758957816,-1.052505055560604,1.5212493854529547,-0.6459887934933469,1.7465509476805035,0.6653326377893533,0.15656351600804555,-1.0223893992513682,0.2831028012669145,1.6455567016261552,0.5596406313378746,-1.0060181084889308,0.9860966422066364,0.0,0.0,0.0,1.0
-0.7250454238985101,-0.9900495037128095,0.7082003810607219,0.981177118456265,0.15908825032734747,-1.0439655927422493,-0.38842571391006414,-0.3528778083424879,-0.7134339216582911,1.0840459408623657,0.6735338282216478,-0.9829561289715842,-0.4015713031914364,-1.2349113652027714,-0.5475771855040708,0.2831028012669145,-1.1003939630075446,-1.7868609675630667,0.9940178924830986,0.9860966422066364,1.0,0.0,0.0,0.0
0.9184471708949618,-0.9900495037128095,-1.253064196519815,0.981177118456265,2.6934412606109417,0.9578859753157553,-1.3255203192419436,-0.6996864651901419,0.8688980365525018,0.6468424962717766,1.1683548113647708,-1.1632703867190384,-0.876007979766408,0.7928243960845622,0.16464113511687545,-0.4057118003557487,1.0963665686994153,0.5596406313378746,-1.0060181084889308,0.9860966422066364,0.0,0.0,1.0,0.0
-0.14458751299499858,1.0100505037878158,0.21788423666558757,0.981177118456265,-0.7624946625030504,0.9578859753157553,0.7140385276568528,0.34073950535281977,0.7558743252517308,-1.10197128209058,-0.4810484657789726,-1.2511735873709224,-1.6073347592673397,0.10676918626292684,-0.5475771855040708,0.053497934059360104,-1.1003939630075446,0.5596406313378746,0.9940178924830986,-1.0140993866100703,0.0,1.0,0.0,0.0
-0.7614663124257892,1.0100505037878158,-0.3950109438283302,0.981177118456265,1.311066891365345,0.9578859753157553,-0.05768644143998903,1.0343568190481278,-0.7982017051338693,-0.6647678374999909,0.17871284507852472,0.026803714414159185,-0.549688119292891,0.6360644691091886,0.16464113511687545,-0.6353166675633032,1.4624933239839086,0.5596406313378746,-1.0060181084889308,-1.0140993866100703,0.0,0.0,1.0,0.0
-0.10816662446771944,-0.9900495037128095,-0.8853270882234643,-1.019183979313898,0.38948397853494693,0.9578859753157553,0.7691617397351987,1.0343568190481278,-1.448088045113302,0.6468424962717766,-0.15116781035022395,-1.3593621420193949,-1.028753446371033,-1.1989487937201857,1.5890777763587678,2.8087563405500133,-0.7342672077230512,0.5596406313378746,-1.0060181084889308,-1.0140993866100703,1.0,0.0,0.0,0.0
1.3714319719529962,1.0100505037878158,-0.2724319077295465,0.981177118456265,0.38948397853494693,-1.0439655927422493,-0.9947810467718684,0.34073950535281977,0.7558743252517308,1.5212493854529547,-0.31610813806459825,-0.11744769178380417,-1.3411873553350386,0.16578468818306752,-1.259795506125017,-1.094526401978412,1.279429946341662,-1.7868609675630667,-1.0060181084889308,0.9860966422066364,0.0,0.0,1.0,0.0
-0.17190317939045796,1.0100505037878158,0.4630423088631546,-1.019183979313898,0.38948397853494693,-1.0439655927422493,-1.6562595917120186,1.3811654758957816,-0.20482722080482196,0.2096390516811874,1.6631757945078938,0.6173329085370717,-0.4061999536946069,-0.5128935838985503,0.40204724199052416,-1.3241312691859664,1.4624933239839086,0.5596406313378746,-1.0060181084889308,-1.0140993866100703,0.0,1.0,0.0,0.0
0.4813965085676119,1.0100505037878158,1.4436745976534233,0.981177118456265,1.0806711631577455,-1.0439655927422493,-0.7191649863801393,0.34073950535281977,-0.26133907645520743,-1.539174726681169,1.1683548113647708,0.13950012550631805,1.4591461990830863,-1.428555980878233,0.6394533488641729,0.7423125356820234,0.18104968048818207,-1.7868609675630667,-1.0060181084889308,-1.0140993866100703,1.0,0.0,0.0,0.0
-1.6583306924100385,-0.9900495037128095,1.3210955615546396,-1.019183979313898,-0.9928903907106499,-1.0439655927422493,0.05255998271670267,-1.3933037788854497,-0.8547135607842548,0.6468424962717766,0.013772517364150388,0.9171053620422143,1.4938610778568646,-0.39762893171077557,-1.4972016129986656,-0.8649215347708576,-1.1003939630075446,-1.7868609675630667,0.9940178924830986,-1.0140993866100703,0.0,1.0,0.0,0.0
0.4677386753698822,1.0100505037878158,0.7082003810607219,0.981177118456265,-0.9928903907106499,-1.0439655927422493,-1.4357667433986352,1.3811654758957816,-1.052505055560604,-1.539174726681169,-1.4706904320652185,1.4174774272913997,0.2047819127238931,-1.302225922080432,1.1142655626114704,-0.1761069331481943,-0.18507707479631122,-1.7868609675630667,-1.0060181084889308,-1.0140993866100703,1.0,0.0,0.0,0.0
1.464760498804149,1.0100505037878158,-0.2724319077295465,0.981177118456265,0.8502754349501459,-1.0439655927422493,0.8242849518135446,-1.0464951220377958,-0.007035726028472855,-1.10197128209058,0.5085935005072734,-1.1858096689374702,-1.3874738603667431,0.34651966281349833,1.1142655626114704,-1.094526401978412,-0.002013697154064573,-1.7868609675630667,-1.0060181084889308,0.9860966422066364,0.0,0.0,1.0,0.0
0.1012534845641357,1.0100505037878158,-1.007906124322248,0.981177118456265,-0.9928903907106499,0.9578859753157553,-0.2781792897533724,-1.0464951220377958,-1.7023913955400367,-0.22756439290940172,-0.6459887934933469,1.1041814044551979,1.5540335343980805,1.690044448714201,1.1142655626114704,2.1199417389273503,-0.9173305853652978,0.5596406313378746,-1.0060181084889308,-1.0140993866100703,0.0,0.0,0.0,1.0
-0.21515298451660195,1.0100505037878158,-0.027273835531979467,0.981177118456265,-0.9928903907106499,-1.0439655927422493,-0.6089185622234475,-0.3528778083424879,1.377504737405971,-1.539174726681169,0.17871284507852472,-1.0956525400637431,-1.2208424422526067,1.0399518103751513,0.8768594557378216,-1.3241312691859664,-0.5512038300808045,-1.7868609675630667,-1.0060181084889308,-1.0140993866100703,0.0,0.0,1.0,0.0
-0.4974148706030154,1.0100505037878158,-1.007906124322248,0.981177118456265,-0.3017032060878515,0.9578859753157553,-0.2781792897533724,0.6875481622004737,-0.3461068599307856,-0.22756439290940172,-0.9758694489220956,0.6173329085370717,0.5334160984489954,0.9956901839350458,1.351671669485119,-1.094526401978412,-0.36814045243855786,0.5596406313378746,-1.0060181084889308,0.9860966422066364,0.0,0.0,0.0,1.0
1.7128778018962383,-0.9900495037128095,0.8307794171595057,0.981177118456265,-0.7624946625030504,0.9578859753157553,0.5486688914218153,0.6875481622004737,-1.6458795398896513,-1.539174726681169,0.5085935005072734,-0.6290893981422054,-1.477732545178567,-1.29300474990541,-1.4972016129986656,-0.1761069331481943,-0.18507707479631122,0.5596406313378746,0.9940178924830986,-1.0140993866100703,1.0,0.0,0.0,0.0
-0.3471787054279889,1.0100505037878158,0.21788423666558757,0.981177118456265,-0.9928903907106499,0.9578859753157553,0.6037921035001611,-1.0464951220377958,-0.826457632959062,0.6468424962717766,-1.4706904320652185,-1.3278071469135904,-0.23493988507730007,1.0703816785527238,-0.310171078630422,-0.1761069331481943,1.0963665686994153,0.5596406313378746,0.9940178924830986,-1.0140993866100703,0.0,0.0,1.0,0.0
-1.508094527235012,-0.9900495037128095,-0.8853270882234643,-1.019183979313898,-0.9928903907106499,0.9578859753157553,-0.2781792897533724,-1.3933037788854497,-0.5438983547071348,-1.10197128209058,-0.9758694489220956,0.2521965365984769,0.6167318075060635,-0.558077327556158,1.351671669485119,0.053497934059360104,-0.5512038300808045,0.5596406313378746,-1.0060181084889308,0.9860966422066364,0.0,1.0,0.0,0.0
-0.2652317062416108,-0.9900495037128095,-1.253064196519815,-1.019183979313898,-0.9928903907106499,0.9578859753157553,0.4384224672651236,-0.6996864651901419,0.44505911917461083,1.0840459408623657,0.6735338282216478,0.06737442240733638,-0.20485365680669212,-0.6161707122587965,-0.7849832923777195,-0.6353166675633032,1.6455567016261552,0.5596406313378746,0.9940178924830986,-1.0140993866100703,0.0,1.0,0.0,0.0
-1.4033844727190843,1.0100505037878158,0.4630423088631546,0.981177118456265,1.7718583477805439,-1.0439655927422493,-1.160150683006906,1.0343568190481278,1.4905284487067418,1.5212493854529547,0.6735338282216478,0.2589583212640065,1.6489208697130748,0.9763257223674997,-1.7346077198723144,-1.3241312691859664,-1.2834573406497911,0.5596406313378746,0.9940178924830986,0.9860966422066364,0.0,0.0,1.0,0.0
0.6862640065335571,-0.9900495037128095,-1.007906124322248,0.981177118456265,-0.9928903907106499,0.9578859753157553,-0.16793286559668072,-1.3933037788854497,0.47331504699980353,1.0840459408623657,-1.4706904320652185,-0.737277952790678,-0.9732096403329875,-0.888195291421945,-0.310171078630422,0.5127076684744689,-1.1003939630075446,0.5596406313378746,-1.0060181084889308,-1.0140993866100703,1.0,0.0,0.0,0.0
1.6923910520996437,1.0100505037878158,0.0953052005668042,-1.019183979313898,-0.532098934295451,0.9578859753157553,-1.1050274709285601,-1.0464951220377958,-1.7023913955400367,0.2096390516811874,1.6631757945078938,-0.8071497276678165,-1.5240190502102715,-0.2768315762179876,0.16464113511687545,-0.6353166675633032,0.5471764357726754,0.5596406313378746,0.9940178924830986,0.9860966422066364,0.0,1.0,0.0,0.0
0.822842338510854,-0.9900495037128095,-1.253064196519815,-1.019183979313898,-0.7624946625030504,0.9578859753157553,-0.8845346226151768,-0.6996864651901419,-1.3068084059873384,-0.22756439290940172,1.0034144836503964,1.50988848438697,1.0610822558104271,-0.04722438905994025,-0.7849832923777195,-0.1761069331481943,-1.2834573406497911,0.5596406313378746,0.9940178924830986,-1.0140993866100703,0.0,0.0,1.0,0.0
1.0413676696745289,-0.9900495037128095,0.21788423666558757,-1.019183979313898,-0.7624946625030504,-1.0439655927422493,-1.0499042588502143,1.3811654758957816,-1.2220406225117602,-0.6647678374999909,-1.3057501043508444,-1.0505739756268795,-1.1097548301765159,-1.4765060761883473,-1.7346077198723144,-1.3241312691859664,-1.2834573406497911,-1.7868609675630667,0.9940178924830986,0.9860966422066364,1.0,0.0,0.0,0.0
-1.5422391102293362,1.0100505037878158,-0.6401690160258973,-1.019183979313898,-0.9928903907106499,-1.0439655927422493,-1.160150683006906,-1.3933037788854497,0.6428506139509599,1.5212493854529547,0.013772517364150388,-0.3450944421899651,-0.17476742853608415,1.195789620133023,0.8768594557378216,-0.8649215347708576,-1.1003939630075446,0.5596406313378746,0.9940178924830986,0.9860966422066364,0.0,0.0,1.0,0.0
0.29701576039826116,1.0100505037878158,0.3404632727643712,0.981177118456265,0.38948397853494693,-1.0439655927422493,0.10768319479504852,-0.006069151494834045,0.6145946861257672,-1.539174726681169,-0.4810484657789726,-0.20760482065753127,-1.213899466497851,1.5969106097464791,1.351671669485119,-0.4057118003557487,1.279429946341662,-1.7868609675630667,0.9940178924830986,0.9860966422066364,0.0,0.0,0.0,1.0
1.5740231643859866,1.0100505037878158,0.5856213449619383,-1.019183979313898,1.5414626195729444,-1.0439655927422493,-0.8845346226151768,1.0343568190481278,1.2927369539303928,1.5212493854529547,0.34365317279289903,2.8306904223870717,1.5470905586433248,-0.3146383821355777,1.1142655626114704,-0.6353166675633032,0.3641130581304287,-1.7868609675630667,-1.0060181084889308,0.9860966422066364,0.0,0.0,1.0,0.0
1.339563694491627,-0.9900495037128095,0.21788423666558757,-1.019183979313898,-0.07130747788025202,0.9578859753157553,0.38329925518677777,-0.006069151494834045,-0.3461068599307856,0.2096390516811874,1.0034144836503964,-1.3300610751354336,-0.5358021677833796,0.6637279856342545,0.40204724199052416,0.7423125356820234,-0.18507707479631122,0.5596406313378746,0.9940178924830986,-1.0140993866100703,0.0,0.0,1.0,0.0
1.0481965862733937,1.0100505037878158,-1.253064196519815,-1.019183979313898,2.6934412606109417,-1.0439655927422493,-0.6089185622234475,-1.3933037788854497,0.44505911917461083,-0.22756439290940172,1.6631757945078938,-1.2173646640432747,-0.35297047290814665,-0.869752947071901,0.8768594557378216,-1.3241312691859664,1.279429946341662,0.5596406313378746,0.9940178924830986,-1.0140993866100703,0.0,1.0,0.0,0.0
0.4040021204471437,1.0100505037878158,0.3404632727643712,0.981177118456265,-0.9928903907106499,-1.0439655927422493,-0.6640417743017933,-1.3933037788854497,-1.3350643338125312,-0.22756439290940172,-1.635630759779593,1.1943385333289251,0.7555913226011771,1.6116644852265143,-0.5475771855040708,-0.8649215347708576,-0.7342672077230512,-1.7868609675630667,-1.0060181084889308,0.9860966422066364,0.0,0.0,0.0,1.0
-1.376068806323625,1.0100505037878158,-0.8853270882234643,-1.019183979313898,0.15908825032734747,-1.0439655927422493,0.49354567934346943,-1.0464951220377958,1.462272520881549,-1.539174726681169,0.34365317279289903,1.6158231108135992,1.3920307667871146,1.0307306382001293,1.351671669485119,1.2015222700971322,-1.2834573406497911,0.5596406313378746,-1.0060181084889308,0.9860966422066364,0.0,0.0,0.0,1.0
1.1847749182506906,1.0100505037878158,-0.14985287163076313,-1.019183979313898,1.311066891365345,0.9578859753157553,-0.9396578346935226,-0.3528778083424879,-1.1090169112109893,-0.22756439290940172,0.5085935005072734,-0.5930265465927146,-0.20485365680669212,-0.015872403664865514,1.351671669485119,-0.1761069331481943,0.9133031910571687,0.5596406313378746,0.9940178924830986,-1.0140993866100703,0.0,0.0,1.0,0.0
0.9890126424165651,1.0100505037878158,0.0953052005668042,-1.019183979313898,-0.532098934295451,-1.0439655927422493,0.5486688914218153,-0.006069151494834045,1.1797132426296217,0.2096390516811874,-0.6459887934933469,-0.9716864878623684,-1.3249870785739422,0.894257290009804,-0.07276497175677328,-0.4057118003557487,1.6455567016261552,-1.7868609675630667,-1.0060181084889308,-1.0140993866100703,0.0,0.0,1.0,0.0
-0.8684526724746718,1.0100505037878158,0.5856213449619383,0.981177118456265,-0.3017032060878515,-1.0439655927422493,-0.8294114105368309,-1.0464951220377958,1.5470403043571272,1.0840459408623657,-0.15116781035022395,-1.1001603965074296,-0.7024335858975159,0.8997899933148172,1.1142655626114704,-0.1761069331481943,0.3641130581304287,0.5596406313378746,0.9940178924830986,-1.0140993866100703,0.0,0.0,1.0,0.0
1.077788558201808,-0.9900495037128095,-0.14985287163076313,-1.019183979313898,-0.7624946625030504,-1.0439655927422493,1.706256345067078,-0.006069151494834045,-0.09180350950405104,1.0840459408623657,0.34365317279289903,0.22965725438004514,-0.2904836911153455,1.4087986973760307,0.8768594557378216,-1.094526401978412,1.4624933239839086,0.5596406313378746,-1.0060181084889308,-1.0140993866100703,0.0,0.0,0.0,1.0
1.4897998596666535,1.0100505037878158,-1.253064196519815,0.981177118456265,-0.7624946625030504,-1.0439655927422493,-0.4986721380667558,-1.3933037788854497,1.0949454591540435,1.5212493854529547,-1.14080977663647,1.257448523540534,0.41769983586973397,-0.5921956646037394,0.6394533488641729,0.2831028012669145,1.0963665686994153,-1.7868609675630667,0.9940178924830986,-1.0140993866100703,0.0,0.0,1.0,0.0
1.6081677473803107,-0.9900495037128095,0.0953052005668042,0.981177118456265,-0.9928903907106499,0.9578859753157553,1.375517072597003,-0.6996864651901419,1.5470403043571272,-0.22756439290940172,-1.4706904320652185,0.22064154149267243,1.1605982416285918,-1.2837835777303879,0.40204724199052416,-1.094526401978412,0.5471764357726754,0.5596406313378746,0.9940178924830986,-1.0140993866100703,0.0,1.0,0.0,0.0
-0.8456896171451224,1.0100505037878158,-0.027273835531979467,-1.019183979313898,-0.9928903907106499,0.9578859753157553,1.375517072597003,-1.3933037788854497,0.5298269026501891,-0.22756439290940172,-1.635630759779593,-0.8026418712241301,-1.2208424422526067,0.030233457210244393,-1.0223893992513682,0.053497934059360104,1.279429946341662,0.5596406313378746,-1.0060181084889308,-1.0140993866100703,0.0,1.0,0.0,0.0
-0.49513856507006043,-0.9900495037128095,-0.2724319077295465,-1.019183979313898,0.6198797067425464,-1.0439655927422493,-1.2703971071635978,0.6875481622004737,1.462272520881549,-1.10197128209058,0.34365317279289903,0.5767622005438945,1.253171251692001,-0.7093045512265185,-1.4972016129986656,-1.094526401978412,0.5471764357726754,0.5596406313378746,0.9940178924830986,-1.0140993866100703,0.0,1.0,0.0,0.0
0.9229997819608716,-0.9900495037128095,1.5662536337522064,-1.019183979313898,-0.9928903907106499,0.9578859753157553,0.658915315578507,1.7279741327434355,-0.09180350950405104,1.5212493854529547,-1.635630759779593,-0.6471208239169508,-1.0657826503963965,0.21742325236319063,-1.259795506125017,-0.4057118003557487,1.4624933239839086,0.5596406313378746,-1.0060181084889308,-1.0140993866100703,0.0,0.0,1.0,0.0
-0.13320598533022385,1.0100505037878158,1.198516525455856,-1.019183979313898,-0.9928903907106499,0.9578859753157553,-0.2781792897533724,-1.3933037788854497,-1.4198321172881094,0.6468424962717766,-1.4706904320652185,-1.0753671860671545,-1.6466782885442885,-1.6378765892512321,-1.259795506125017,-0.1761069331481943,1.4624933239839086,0.5596406313378746,0.9940178924830986,0.9860966422066364,1.0,0.0,0.0,0.0
-1.3350953067304359,-0.9900495037128095,-1.253064196519815,0.981177118456265,-0.7624946625030504,-1.0439655927422493,1.430640284675349,0.34073950535281977,0.049476129621912605,-0.6647678374999909,-1.3057501043508444,-0.40820443240157406,-1.0889259029122489,-1.437777153053255,1.351671669485119,1.4311271373046865,-0.36814045243855786,-1.7868609675630667,-1.0060181084889308,0.9860966422066364,1.0,0.0,0.0,0.0
1.2007090569813752,1.0100505037878158,-0.2724319077295465,-1.019183979313898,-0.7624946625030504,-1.0439655927422493,-0.16793286559668072,-0.006069151494834045,1.5187843765319347,1.5212493854529547,1.6631757945078938,-0.4645526379476535,0.12609485416999536,0.1768500947930939,1.5890777763587678,-0.8649215347708576,-0.9173305853652978,-1.7868609675630667,-1.0060181084889308,0.9860966422066364,0.0,0.0,1.0,0.0
-0.9003209499360411,-0.9900495037128095,-0.2724319077295465,0.981177118456265,-0.7624946625030504,-1.0439655927422493,-0.8845346226151768,1.3811654758957816,-0.6004102103575202,1.0840459408623657,-0.9758694489220956,-0.11744769178380417,-1.2023278402399251,-0.3598221257931854,1.1142655626114704,0.5127076684744689,0.5471764357726754,-1.7868609675630667,-1.0060181084889308,0.9860966422066364,0.0,1.0,0.0,0.0
1.123314668860907,-0.9900495037128095,-0.8853270882234643,-1.019183979313898,-0.532098934295451,-1.0439655927422493,1.5960099209103864,-0.6996864651901419,0.8971539643776945,0.2096390516811874,-1.14080977663647,-1.0009875547463296,-1.3782165593604023,1.6743684560166636,1.1142655626114704,1.2015222700971322,1.6455567016261552,-1.7868609675630667,0.9940178924830986,0.9860966422066364,0.0,0.0,0.0,1.0
-1.3009507237361118,-0.9900495037128095,-0.2724319077295465,0.981177118456265,-0.07130747788025202,0.9578859753157553,-1.4357667433986352,-1.3933037788854497,0.24726762439826172,0.6468424962717766,0.013772517364150388,-0.8409586509954641,-0.8829509555211636,1.3294966166708415,-0.7849832923777195,-0.1761069331481943,0.18104968048818207,0.5596406313378746,-1.0060181084889308,0.9860966422066364,0.0,0.0,1.0,0.0
0.03296431857548729,1.0100505037878158,-1.253064196519815,0.981177118456265,0.15908825032734747,0.9578859753157553,-1.490889955476981,-1.0464951220377958,0.3320354078738399,-1.10197128209058,1.4982354667935194,0.08991370462576816,-1.243985694768459,-0.22703724647286888,0.6394533488641729,-1.3241312691859664,-1.2834573406497911,0.5596406313378746,0.9940178924830986,-1.0140993866100703,0.0,1.0,0.0,0.0
-0.9412944495292301,-0.9900495037128095,-1.253064196519815,0.981177118456265,-0.9928903907106499,0.9578859753157553,-0.4986721380667558,-1.3933037788854497,-1.5328558285888803,-1.10197128209058,-1.635630759779593,-0.9897179136371138,1.5401475828885691,1.0639268580302086,-1.0223893992513682,0.053497934059360104,-1.6495840959342845,0.5596406313378746,-1.0060181084889308,0.9860966422066364,0.0,0.0,0.0,1.0
-1.5581732489600209,1.0100505037878158,-0.2724319077295465,-1.019183979313898,-0.9928903907106499,-1.0439655927422493,-1.1050274709285601,-1.3933037788854497,-0.9959931999102184,0.6468424962717766,0.013772517364150388,-1.2624432284801383,-1.0310677716226182,1.5120758257362767,-0.5475771855040708,0.2831028012669145,-1.2834573406497911,-1.7868609675630667,0.9940178924830986,0.9860966422066364,0.0,0.0,1.0,0.0
0.2947394548653062,1.0100505037878158,0.0953052005668042,0.981177118456265,-0.07130747788025202,-1.0439655927422493,-1.2703971071635978,-1.3933037788854497,-0.7134339216582911,1.0840459408623657,-0.4810484657789726,0.4460343636769902,-0.2465115113352262,0.7531733557319678,0.16464113511687545,1.4311271373046865,1.0963665686994153,-1.7868609675630667,0.9940178924830986,-1.0140993866100703,0.0,0.0,0.0,1.0
-1.6537780813441285,1.0100505037878158,-1.253064196519815,0.981177118456265,0.6198797067425464,-1.0439655927422493,-0.9396578346935226,1.3811654758957816,-1.6176236120644585,-0.6647678374999909,0.838474155936022,-0.8927990000978572,1.3827734657807738,0.4479525567387401,1.351671669485119,1.8903368717197957,0.7302398134149221,-1.7868609675630667,0.9940178924830986,0.9860966422066364,0.0,0.0,1.0,0.0
1.7197067184951031,-0.9900495037128095,-0.027273835531979467,0.981177118456265,-0.532098934295451,0.9578859753157553,-1.3806435313202894,-0.006069151494834045,0.16249984092268352,1.5212493854529547,-0.4810484657789726,-0.4465212121729081,0.4246428116244897,1.3811351808509646,-1.259795506125017,-1.3241312691859664,1.6455567016261552,0.5596406313378746,-1.0060181084889308,0.9860966422066364,0.0,0.0,0.0,1.0
1.5831283865178063,1.0100505037878158,1.3210955615546396,0.981177118456265,-0.9928903907106499,0.9578859753157553,0.7691617397351987,-1.3933037788854497,-1.052505055560604,-1.539174726681169,1.1683548113647708,-0.05884555801588156,0.10989457740889878,0.7522512385144655,0.16464113511687545,0.7423125356820234,-1.6495840959342845,0.5596406313378746,0.9940178924830986,0.9860966422066364,0.0,0.0,0.0,1.0
-0.9526759771940049,-0.9900495037128095,-1.253064196519815,0.981177118456265,-0.532098934295451,-1.0439655927422493,1.430640284675349,-0.6996864651901419,0.5580828304753818,-0.22756439290940172,-0.9758694489220956,-0.3991887195142013,-1.2902721998001636,-0.7747748736691746,1.1142655626114704,0.2831028012669145,1.0963665686994153,-1.7868609675630667,-1.0060181084889308,0.9860966422066364,1.0,0.0,0.0,0.0
-1.5490680268282009,1.0100505037878158,1.5662536337522064,-1.019183979313898,-0.7624946625030504,0.9578859753157553,0.9345313759702363,1.0343568190481278,0.049476129621912605,0.2096390516811874,-0.9758694489220956,0.7931393098408395,0.8180781043939783,-1.5973034316811354,-0.5475771855040708,-0.1761069331481943,-0.5512038300808045,0.5596406313378746,0.9940178924830986,0.9860966422066364,1.0,0.0,0.0,0.0
-1.4466342778452284,-0.9900495037128095,-0.027273835531979467,-1.019183979313898,0.8502754349501459,-1.0439655927422493,-1.1050274709285601,0.6875481622004737,-0.7416898494834838,0.6468424962717766,1.6631757945078938,0.8066628791718986,0.07517969863512038,-0.5359465143361053,-1.259795506125017,-0.1761069331481943,1.4624933239839086,0.5596406313378746,0.9940178924830986,-1.0140993866100703,0.0,1.0,0.0,0.0
-0.8525185337439871,-0.9900495037128095,0.0953052005668042,0.981177118456265,-0.9928903907106499,0.9578859753157553,1.1550242242836197,-0.6996864651901419,-1.4763439729384948,0.6468424962717766,-1.4706904320652185,-0.8634979332138959,0.4269571368760749,-1.5041695927134133,1.351671669485119,0.7423125356820234,-0.18507707479631122,0.5596406313378746,0.9940178924830986,-1.0140993866100703,1.0,0.0,0.0,0.0
-0.7432558681621497,1.0100505037878158,0.5856213449619383,-1.019183979313898,-0.7624946625030504,-1.0439655927422493,1.2101474363619655,-0.6996864651901419,0.5863387583005745,1.5212493854529547,-0.8109291212077213,-0.712484742350403,-0.4594294344810671,0.18975973583812467,1.5890777763587678,-0.1761069331481943,1.6455567016261552,-1.7868609675630667,0.9940178924830986,-1.0140993866100703,0.0,1.0,0.0,0.0
0.7978029776483495,-0.9900495037128095,1.198516525455856,-1.019183979313898,0.15908825032734747,0.9578859753157553,1.044777800126928,1.0343568190481278,1.5470403043571272,-1.539174726681169,1.333295139079145,0.3716547323561653,1.1374549891127397,0.44979679117374455,-1.0223893992513682,-0.8649215347708576,0.9133031910571687,0.5596406313378746,-1.0060181084889308,-1.0140993866100703,0.0,0.0,1.0,0.0
0.4131073425789635,-0.9900495037128095,1.5662536337522064,0.981177118456265,-0.7624946625030504,-1.0439655927422493,0.9896545880485821,-1.3933037788854497,-1.1372728390361821,1.5212493854529547,-0.31610813806459825,-1.016765052299232,0.3274411510579101,-1.2551979439878198,1.1142655626114704,-1.094526401978412,1.0963665686994153,-1.7868609675630667,0.9940178924830986,0.9860966422066364,1.0,0.0,0.0,0.0
-1.1962406692201841,-0.9900495037128095,-0.7627480521246808,0.981177118456265,-0.9928903907106499,-1.0439655927422493,0.5486688914218153,-1.3933037788854497,-1.3068084059873384,-1.539174726681169,0.6735338282216478,0.9080896491548416,-0.2974266668701012,-1.1030486030999571,-0.07276497175677328,0.9719174028895778,-0.36814045243855786,-1.7868609675630667,-1.0060181084889308,0.9860966422066364,1.0,0.0,0.0,0.0
-0.24246865091206132,-0.9900495037128095,-0.6401690160258973,-1.019183979313898,-0.9928903907106499,-1.0439655927422493,-1.3255203192419436,-1.3933037788854497,0.47331504699980353,-1.539174726681169,-0.9758694489220956,1.005008562694098,0.09600862589938741,-0.16064480681271062,-0.310171078630422,-0.8649215347708576,-0.9173305853652978,-1.7868609675630667,0.9940178924830986,0.9860966422066364,0.0,1.0,0.0,0.0
-1.0869780036383467,1.0100505037878158,-1.253064196519815,-1.019183979313898,1.0806711631577455,-1.0439655927422493,-1.6011363796336728,1.0343568190481278,1.57529623218232,1.0840459408623657,0.838474155936022,1.5324277666054016,1.6049486899329555,0.11414612400294442,1.5890777763587678,-0.6353166675633032,0.7302398134149221,0.5596406313378746,0.9940178924830986,0.9860966422066364,0.0,0.0,1.0,0.0
0.20596353908006326,1.0100505037878158,0.21788423666558757,-1.019183979313898,0.15908825032734747,0.9578859753157553,-0.4986721380667558,0.34073950535281977,1.6318080878327055,1.5212493854529547,-0.6459887934933469,-0.5975344030364009,-1.3180441028191863,0.1694731570530763,-0.310171078630422,0.9719174028895778,-0.36814045243855786,0.5596406313378746,0.9940178924830986,-1.0140993866100703,0.0,1.0,0.0,0.0
-0.9481233661280949,1.0100505037878158,-1.253064196519815,-1.019183979313898,-0.9928903907106499,0.9578859753157553,1.044777800126928,-0.6996864651901419,0.47331504699980353,0.6468424962717766,1.6631757945078938,0.04934299663259096,-0.9060942080370159,1.587689437571457,-0.5475771855040708,-1.094526401978412,-1.4665207182920377,0.5596406313378746,-1.0060181084889308,-1.0140993866100703,0.0,0.0,0.0,1.0
1.4465500545405094,1.0100505037878158,-1.1304851604210315,-1.019183979313898,-0.7624946625030504,-1.0439655927422493,-0.7191649863801393,1.0343568190481278,1.462272520881549,-1.10197128209058,-0.15116781035022395,1.3363360113050453,0.3852992823475408,-0.8356346100243197,0.6394533488641729,0.9719174028895778,1.0963665686994153,-1.7868609675630667,0.9940178924830986,-1.0140993866100703,0.0,1.0,0.0,0.0
0.7727636167858452,-0.9900495037128095,1.6888326698509901,-1.019183979313898,0.8502754349501459,-1.0439655927422493,-1.6011363796336728,1.3811654758957816,1.688319943483091,-1.539174726681169,1.6631757945078938,-0.6831836754664417,-1.3458160058382092,1.252960887618159,1.1142655626114704,-0.4057118003557487,0.9133031910571687,0.5596406313378746,-1.0060181084889308,-1.0140993866100703,0.0,0.0,0.0,1.0
0.2423844276073424,1.0100505037878158,1.8114117059497739,-1.019183979313898,0.6198797067425464,0.9578859753157553,0.3281760431084319,-1.3933037788854497,0.6145946861257672,-0.6647678374999909,0.17871284507852472,-0.3000158777531015,0.4940725691720465,-0.739734419404091,-0.7849832923777195,-0.8649215347708576,0.7302398134149221,0.5596406313378746,-1.0060181084889308,-1.0140993866100703,0.0,1.0,0.0,0.0
1.214366890179105,1.0100505037878158,0.0953052005668042,-1.019183979313898,2.9238369888185414,0.9578859753157553,0.7140385276568528,-0.006069151494834045,0.5298269026501891,-1.10197128209058,1.333295139079145,0.4325107943459311,0.3552130540769329,-0.9020270496844779,-1.4972016129986656,-1.094526401978412,1.0963665686994153,0.5596406313378746,0.9940178924830986,-1.0140993866100703,0.0,1.0,0.0,0.0
0.37896275958463926,-0.9900495037128095,0.21788423666558757,-1.019183979313898,-0.9928903907106499,-1.0439655927422493,-1.3255203192419436,-0.6996864651901419,-0.939481344259833,-0.22756439290940172,-0.4810484657789726,-0.813911512333346,-0.49877296375801594,0.23217712784322578,1.5890777763587678,0.053497934059360104,-0.002013697154064573,-1.7868609675630667,0.9940178924830986,-1.0140993866100703,0.0,0.0,1.0,0.0
-1.5422391102293362,1.0100505037878158,0.7082003810607219,0.981177118456265,0.6198797067425464,0.9578859753157553,-1.6562595917120186,-1.3933037788854497,1.4905284487067418,-0.6647678374999909,0.5085935005072734,0.9238671467077437,0.09832295115097264,-1.3455654313030352,-0.5475771855040708,-1.3241312691859664,-1.2834573406497911,0.5596406313378746,0.9940178924830986,-1.0140993866100703,1.0,0.0,0.0,0.0
0.31977881572781064,-0.9900495037128095,-0.5175899799271135,0.981177118456265,-0.7624946625030504,0.9578859753157553,-0.7742881984584851,-1.0464951220377958,-0.3178509321055929,-1.10197128209058,1.0034144836503964,0.43476472256777426,-0.8482360767473852,0.2155790179281862,-0.5475771855040708,-0.1761069331481943,0.7302398134149221,0.5596406313378746,0.9940178924830986,-1.0140993866100703,0.0,0.0,1.0,0.0
-0.17645579045636786,-0.9900495037128095,-0.2724319077295465,0.981177118456265,-0.9928903907106499,0.9578859753157553,-0.6089185622234475,0.34073950535281977,-0.40261871558117107,1.5212493854529547,0.34365317279289903,-0.7598172350091097,-0.19096770529718074,1.117409656645336,-1.4972016129986656,-0.4057118003557487,0.5471764357726754,0.5596406313378746,-1.0060181084889308,0.9860966422066364,0.0,0.0,0.0,1.0
0.5861065630835395,1.0100505037878158,-0.2724319077295465,0.981177118456265,-0.9928903907106499,0.9578859753157553,-1.4357667433986352,-0.006069151494834045,-1.561111756414073,-0.6647678374999909,-0.15116781035022395,-0.21662053354490396,0.30429789854205785,1.3341072027583525,0.8768594557378216,-1.094526401978412,-0.002013697154064573,0.5596406313378746,0.9940178924830986,0.9860966422066364,0.0,0.0,0.0,1.0
0.1968583169482435,1.0100505037878158,-1.253064196519815,-1.019183979313898,-0.9928903907106499,0.9578859753157553,-1.0499042588502143,1.7279741327434355,-0.20482722080482196,-0.22756439290940172,-0.31610813806459825,1.5955377568170106,1.5355189323853986,1.4595151443386516,1.5890777763587678,-0.6353166675633032,1.279429946341662,0.5596406313378746,0.9940178924830986,-1.0140993866100703,0.0,0.0,0.0,1.0
-1.0960832257701665,1.0100505037878158,-0.7627480521246808,0.981177118456265,-0.07130747788025202,-1.0439655927422493,1.761379557145424,-0.006069151494834045,0.47331504699980353,1.0840459408623657,-0.8109291212077213,-1.197079310046686,-1.0009815433520102,1.2068550267430491,-1.4972016129986656,-0.1761069331481943,-0.18507707479631122,0.5596406313378746,0.9940178924830986,-1.0140993866100703,0.0,0.0,1.0,0.0
1.2758271395688885,-0.9900495037128095,-0.6401690160258973,-1.019183979313898,-0.7624946625030504,0.9578859753157553,-0.11280965351833487,0.34073950535281977,-0.48738649905674925,-0.6647678374999909,-0.15116781035022395,-0.06335341445956791,0.3112408742968135,-1.5484312191535188,-0.5475771855040708,0.5127076684744689,-0.18507707479631122,0.5596406313378746,0.9940178924830986,-1.0140993866100703,1.0,0.0,0.0,0.0
-0.3699417607575384,-0.9900495037128095,0.9533584532582887,0.981177118456265,-0.9928903907106499,0.9578859753157553,-0.9947810467718684,0.6875481622004737,1.4340165930563564,0.2096390516811874,-1.635630759779593,0.9982467780285686,1.079596857823109,0.21281266627567963,1.1142655626114704,2.3495466061349046,-1.6495840959342845,0.5596406313378746,0.9940178924830986,0.9860966422066364,0.0,0.0,1.0,0.0
-0.3562839275598087,-0.9900495037128095,0.9533584532582887,0.981177118456265,1.5414626195729444,-1.0439655927422493,-1.6562595917120186,1.7279741327434355,-1.1090169112109893,-0.22756439290940172,1.6631757945078938,-0.5569636950432237,-1.2208424422526067,0.048675801560288355,-0.07276497175677328,-0.8649215347708576,1.0963665686994153,-1.7868609675630667,0.9940178924830986,-1.0140993866100703,0.0,1.0,0.0,0.0
0.5314752302926207,1.0100505037878158,0.9533584532582887,-1.019183979313898,0.38948397853494693,-1.0439655927422493,1.5960099209103864,-1.3933037788854497,0.7841302530769236,0.6468424962717766,1.4982354667935194,0.1462619101718476,-0.4617437597326523,0.5097344103113874,1.5890777763587678,2.1199417389273503,-0.5512038300808045,0.5596406313378746,-1.0060181084889308,-1.0140993866100703,0.0,0.0,1.0,0.0
-0.3881522050211779,-0.9900495037128095,-0.2724319077295465,-1.019183979313898,0.38948397853494693,0.9578859753157553,1.0999010122052737,-1.3933037788854497,-1.2220406225117602,1.5212493854529547,-0.4810484657789726,0.78637752517531,0.5750739529775294,-0.6346130566088405,0.8768594557378216,-1.094526401978412,0.7302398134149221,0.5596406313378746,-1.0060181084889308,-1.0140993866100703,0.0,1.0,0.0,0.0
-0.6362695081132672,1.0100505037878158,-0.2724319077295465,0.981177118456265,-0.9928903907106499,-1.0439655927422493,0.2179296189517402,-0.3528778083424879,1.57529623218232,0.2096390516811874,0.6735338282216478,1.5053806279432835,0.18395298545962604,0.8748928284422579,1.5890777763587678,-1.094526401978412,-0.5512038300808045,0.5596406313378746,0.9940178924830986,0.9860966422066364,0.0,0.0,0.0,1.0
-1.0141362265837883,-0.9900495037128095,-0.3950109438283302,0.981177118456265,-0.7624946625030504,0.9578859753157553,0.3281760431084319,0.34073950535281977,1.0101776756784655,-0.22756439290940172,-0.4810484657789726,1.309288872642927,1.304086407226876,0.935752564797403,-1.4972016129986656,-1.094526401978412,0.18104968048818207,0.5596406313378746,0.9940178924830986,0.9860966422066364,0.0,0.0,0.0,1.0
-0.989096865721284,1.0100505037878158,-0.8853270882234643,0.981177118456265,1.7718583477805439,0.9578859753157553,0.49354567934346943,1.3811654758957816,-1.448088045113302,-1.539174726681169,0.5085935005072734,0.14400798195000442,-1.0032958686035955,-0.08964178106504136,-0.310171078630422,-0.1761069331481943,-0.002013697154064573,0.5596406313378746,-1.0060181084889308,-1.0140993866100703,0.0,1.0,0.0,0.0
1.0254335309438443,1.0100505037878158,1.0759374893570723,0.981177118456265,-0.9928903907106499,0.9578859753157553,-1.0499042588502143,1.3811654758957816,0.7841302530769236,-1.10197128209058,-0.15116781035022395,-0.2797305237565129,-1.3365587048318681,-0.8780520020294208,-0.07276497175677328,1.2015222700971322,1.0963665686994153,0.5596406313378746,0.9940178924830986,0.9860966422066364,1.0,0.0,0.0,0.0
-1.37379250079067,1.0100505037878158,-1.253064196519815,0.981177118456265,-0.532098934295451,-1.0439655927422493,0.5486688914218153,-0.3528778083424879,0.24726762439826172,-0.6647678374999909,-0.9758694489220956,-0.7778486607838552,-0.4455434829715557,0.782681106692038,-0.07276497175677328,-0.1761069331481943,1.279429946341662,-1.7868609675630667,-1.0060181084889308,0.9860966422066364,0.0,0.0,1.0,0.0
1.2781034451018434,1.0100505037878158,-1.007906124322248,-1.019183979313898,-0.532098934295451,0.9578859753157553,-1.3255203192419436,-0.3528778083424879,-1.1372728390361821,1.0840459408623657,-0.6459887934933469,-0.5524558385995374,-0.9917242423456694,1.2511166531831548,-0.5475771855040708,0.5127076684744689,-0.5512038300808045,0.5596406313378746,-1.0060181084889308,0.9860966422066364,0.0,0.0,0.0,1.0
0.6794350899346923,1.0100505037878158,1.198516525455856,-1.019183979313898,-0.07130747788025202,0.9578859753157553,0.6037921035001611,-0.6996864651901419,-0.09180350950405104,-1.539174726681169,-0.8109291212077213,0.4370186507896175,-0.2789120648574194,1.4392285655536032,1.351671669485119,2.579151473342459,1.0963665686994153,0.5596406313378746,0.9940178924830986,0.9860966422066364,0.0,0.0,0.0,1.0
-1.2053458913520039,-0.9900495037128095,0.4630423088631546,-1.019183979313898,1.5414626195729444,0.9578859753157553,-1.0499042588502143,-1.3933037788854497,-1.674135467714844,1.5212493854529547,0.838474155936022,-0.16928804088619726,0.3945565833538817,-1.5281446403684704,1.1142655626114704,1.2015222700971322,-1.1003939630075446,0.5596406313378746,0.9940178924830986,0.9860966422066364,1.0,0.0,0.0,0.0
-1.16209608622586,-0.9900495037128095,1.4436745976534233,0.981177118456265,-0.9928903907106499,-1.0439655927422493,-0.38842571391006414,-1.0464951220377958,-1.4763439729384948,-0.22756439290940172,-1.4706904320652185,-0.26846088264729706,0.642189385273501,-0.07857637445501499,-1.7346077198723144,-1.094526401978412,0.18104968048818207,0.5596406313378746,0.9940178924830986,0.9860966422066364,0.0,1.0,0.0,0.0
-0.21970559558251185,1.0100505037878158,-0.14985287163076313,0.981177118456265,0.38948397853494693,-1.0439655927422493,-1.4357667433986352,0.6875481622004737,1.4057606652311636,1.5212493854529547,-0.31610813806459825,-0.25042945687255164,-0.9176658342949421,-1.3474096657380397,-0.07276497175677328,-0.4057118003557487,-1.1003939630075446,-1.7868609675630667,0.9940178924830986,0.9860966422066364,1.0,0.0,0.0,0.0
-1.3055033348020217,1.0100505037878158,-1.007906124322248,-1.019183979313898,-0.9928903907106499,0.9578859753157553,-0.05768644143998903,-1.3933037788854497,1.2644810261052,0.2096390516811874,-1.3057501043508444,-0.33607872930259236,1.2786288294594386,-1.3225125008654803,-1.7346077198723144,-0.8649215347708576,0.7302398134149221,0.5596406313378746,-1.0060181084889308,-1.0140993866100703,1.0,0.0,0.0,0.0
1.4010239438814105,-0.9900495037128095,1.8114117059497739,-1.019183979313898,-0.532098934295451,0.9578859753157553,-1.3255203192419436,-1.3933037788854497,-1.1090169112109893,0.2096390516811874,-0.8109291212077213,-0.3135394470841606,-1.4453319916563738,-0.2196603087328513,1.1142655626114704,-0.4057118003557487,1.6455567016261552,0.5596406313378746,0.9940178924830986,-1.0140993866100703,0.0,1.0,0.0,0.0
-0.03304854188020618,1.0100505037878158,0.0953052005668042,-1.019183979313898,1.0806711631577455,-1.0439655927422493,0.05255998271670267,1.7279741327434355,0.47331504699980353,-1.539174726681169,1.333295139079145,-0.27747659553466975,-1.5934488077578284,1.541583576696347,-0.5475771855040708,-0.1761069331481943,0.3641130581304287,0.5596406313378746,0.9940178924830986,-1.0140993866100703,0.0,0.0,0.0,1.0
-1.5422391102293362,1.0100505037878158,1.5662536337522064,0.981177118456265,-0.532098934295451,0.9578859753157553,0.4384224672651236,-1.3933037788854497,-1.1655287668613747,1.0840459408623657,-0.6459887934933469,-0.4938537048316148,-0.8945225817790898,0.7836032239095403,0.6394533488641729,1.4311271373046865,1.4624933239839086,0.5596406313378746,-1.0060181084889308,0.9860966422066364,0.0,0.0,1.0,0.0
-0.2037714568518272,1.0100505037878158,0.8307794171595057,-1.019183979313898,-0.07130747788025202,-1.0439655927422493,-0.11280965351833487,-1.0464951220377958,-0.9677372720850257,0.6468424962717766,-0.8109291212077213,2.1905748073836095,0.9800808720049442,1.503776770778757,1.1142655626114704,1.8903368717197957,-0.5512038300808045,0.5596406313378746,-1.0060181084889308,-1.0140993866100703,0.0,0.0,0.0,1.0
-1.5445154157622911,1.0100505037878158,0.5856213449619383,0.981177118456265,0.38948397853494693,0.9578859753157553,1.375517072597003,-0.6996864651901419,-1.674135467714844,-0.6647678374999909,0.34365317279289903,-1.2737128695893543,0.17469568445328515,0.03945462938526637,-0.310171078630422,0.9719174028895778,-0.7342672077230512,0.5596406313378746,-1.0060181084889308,0.9860966422066364,0.0,1.0,0.0,0.0
-0.07402204147339524,-0.9900495037128095,1.8114117059497739,0.981177118456265,1.311066891365345,0.9578859753157553,-0.11280965351833487,0.34073950535281977,-0.37436278775597837,-0.6647678374999909,0.5085935005072734,2.109433391397255,1.0680252315651828,-0.2759094590004854,-1.259795506125017,-1.094526401978412,-1.2834573406497911,0.5596406313378746,-1.0060181084889308,0.9860966422066364,0.0,0.0,1.0,0.0
0.7249612005937912,-0.9900495037128095,1.5662536337522064,0.981177118456265,2.6934412606109417,-1.0439655927422493,-1.6562595917120186,-1.3933037788854497,-0.48738649905674925,0.2096390516811874,1.6631757945078938,1.041071414243589,0.4408430883855863,0.521721934138916,1.351671669485119,2.3495466061349046,-0.36814045243855786,-1.7868609675630667,-1.0060181084889308,0.9860966422066364,0.0,0.0,0.0,1.0
-0.6294405915144023,1.0100505037878158,-0.5175899799271135,0.981177118456265,-0.3017032060878515,-1.0439655927422493,-0.8294114105368309,-1.3933037788854497,0.5863387583005745,1.5212493854529547,1.6631757945078938,-0.2233823182104335,0.3991852338570522,1.2114656128305603,0.40204724199052416,-0.6353166675633032,1.6455567016261552,-1.7868609675630667,-1.0060181084889308,-1.0140993866100703,0.0,0.0,0.0,1.0
-0.27661323390638554,1.0100505037878158,-1.253064196519815,0.981177118456265,-0.532098934295451,-1.0439655927422493,-0.6089185622234475,-1.3933037788854497,1.038433603503658,-1.10197128209058,1.4982354667935194,-0.33833265752443553,-0.5010872890096012,-0.11546106315510292,0.6394533488641729,0.7423125356820234,-1.6495840959342845,0.5596406313378746,-1.0060181084889308,0.9860966422066364,0.0,1.0,0.0,0.0
-1.503541916169102,1.0100505037878158,-1.253064196519815,-1.019183979313898,1.0806711631577455,0.9578859753157553,1.6511331329887322,-0.6996864651901419,0.840642108727309,0.2096390516811874,0.5085935005072734,-0.04306806046297931,-0.2719690891026637,0.7863695755620469,0.6394533488641729,1.4311271373046865,-1.1003939630075446,0.5596406313378746,0.9940178924830986,0.9860966422066364,0.0,0.0,1.0,0.0
0.6156985350119537,-0.9900495037128095,-1.1304851604210315,0.981177118456265,0.15908825032734747,-1.0439655927422493,0.9896545880485821,-0.6996864651901419,-1.674135467714844,-0.22756439290940172,-0.31610813806459825,0.8224403767248007,1.0009097992692113,-0.5387128659886119,-0.07276497175677328,0.5127076684744689,-1.4665207182920377,0.5596406313378746,0.9940178924830986,-1.0140993866100703,0.0,1.0,0.0,0.0
-0.24474495644501626,1.0100505037878158,-1.253064196519815,0.981177118456265,1.5414626195729444,-1.0439655927422493,0.9345313759702363,0.34073950535281977,-1.1090169112109893,0.2096390516811874,1.333295139079145,0.02905764263600236,-0.8644363535084818,-0.2666882868254634,1.5890777763587678,1.6607320045122411,0.9133031910571687,0.5596406313378746,0.9940178924830986,-1.0140993866100703,0.0,1.0,0.0,0.0
0.5474093690233054,1.0100505037878158,0.3404632727643712,0.981177118456265,-0.9928903907106499,0.9578859753157553,-0.44354892598840995,-1.3933037788854497,0.16249984092268352,0.6468424962717766,-1.635630759779593,-0.7169925987940894,-1.4036741371278398,1.5102315913012725,-0.07276497175677328,0.9719174028895778,-1.1003939630075446,0.5596406313378746,-1.0060181084889308,-1.0140993866100703,0.0,0.0,0.0,1.0
0.1012534845641357,1.0100505037878158,1.0759374893570723,0.981177118456265,0.8502754349501459,0.9578859753157553,0.05255998271670267,1.7279741327434355,-1.3350643338125312,-0.6647678374999909,0.838474155936022,-0.3045237341967879,-0.6283751778467886,-1.2459767718127979,1.1142655626114704,0.2831028012669145,-1.6495840959342845,0.5596406313378746,0.9940178924830986,-1.0140993866100703,1.0,0.0,0.0,0.0
-1.5354101936304714,-0.9900495037128095,0.3404632727643712,0.981177118456265,-0.9928903907106499,0.9578859753157553,1.044777800126928,-0.006069151494834045,0.7841302530769236,-0.6647678374999909,-1.4706904320652185,0.6015554109841694,1.6859500737384385,-0.9684194893446362,0.40204724199052416,0.5127076684744689,0.7302398134149221,0.5596406313378746,0.9940178924830986,-1.0140993866100703,1.0,0.0,0.0,0.0
1.2803797506347983,-0.9900495037128095,-1.253064196519815,0.981177118456265,0.38948397853494693,-1.0439655927422493,1.0999010122052737,1.3811654758957816,-0.5721542825323275,0.6468424962717766,0.013772517364150388,-1.2286343051524906,1.0564536053072566,-1.7208671388264298,0.40204724199052416,0.5127076684744689,-0.36814045243855786,0.5596406313378746,-1.0060181084889308,-1.0140993866100703,1.0,0.0,0.0,0.0
0.9616969760211057,-0.9900495037128095,0.4630423088631546,0.981177118456265,0.15908825032734747,-1.0439655927422493,-0.4986721380667558,1.7279741327434355,0.8971539643776945,0.2096390516811874,0.013772517364150388,0.4527961483425197,0.8851935366899498,0.5088122930938852,-0.07276497175677328,0.053497934059360104,-0.002013697154064573,-1.7868609675630667,0.9940178924830986,0.9860966422066364,0.0,0.0,0.0,1.0
0.31977881572781064,1.0100505037878158,0.7082003810607219,0.981177118456265,2.2326498041957428,0.9578859753157553,1.706256345067078,1.7279741327434355,-1.6176236120644585,-1.539174726681169,1.1683548113647708,-0.9874639854152706,0.2742116702714499,-1.358475072348066,-0.7849832923777195,0.053497934059360104,-0.7342672077230512,0.5596406313378746,0.9940178924830986,-1.0140993866100703,1.0,0.0,0.0,0.0
-0.3949811216200428,-0.9900495037128095,0.21788423666558757,0.981177118456265,-0.07130747788025202,0.9578859753157553,0.8794081638918904,-0.6996864651901419,0.6145946861257672,0.6468424962717766,-0.31610813806459825,1.2236396002128864,1.6118916656877111,-1.7144123183039144,-1.0223893992513682,-1.3241312691859664,0.18104968048818207,0.5596406313378746,-1.0060181084889308,-1.0140993866100703,1.0,0.0,0.0,0.0
0.7978029776483495,1.0100505037878158,-0.14985287163076313,-1.019183979313898,-0.3017032060878515,0.9578859753157553,-0.3333025018317183,-1.3933037788854497,-1.1372728390361821,1.5212493854529547,1.0034144836503964,2.3167947878068276,1.1744841931381034,1.7020319725417297,0.8768594557378216,0.5127076684744689,1.279429946341662,0.5596406313378746,-1.0060181084889308,0.9860966422066364,0.0,0.0,0.0,1.0
1.3623267498211764,-0.9900495037128095,-1.253064196519815,-1.019183979313898,1.0806711631577455,-1.0439655927422493,0.2179296189517402,1.3811654758957816,0.6145946861257672,-0.22756439290940172,1.6631757945078938,0.3175604550319291,-0.8783223050179932,-1.2487431234653044,0.40204724199052416,-1.094526401978412,0.7302398134149221,-1.7868609675630667,-1.0060181084889308,0.9860966422066364,1.0,0.0,0.0,0.0
0.19002940034937865,-0.9900495037128095,0.21788423666558757,0.981177118456265,0.38948397853494693,-1.0439655927422493,-1.3806435313202894,1.0343568190481278,-0.007035726028472855,-0.6647678374999909,-0.15116781035022395,-1.055081832070566,1.7090933262542907,-0.65121116652388,1.5890777763587678,2.579151473342459,0.18104968048818207,-1.7868609675630667,0.9940178924830986,-1.0140993866100703,0.0,1.0,0.0,0.0
-0.9003209499360411,-0.9900495037128095,0.3404632727643712,0.981177118456265,-0.9928903907106499,-1.0439655927422493,-0.8845346226151768,-1.3933037788854497,0.7276183974265381,0.2096390516811874,-0.6459887934933469,0.7570764582913486,-0.3599134486629023,1.4281631589435768,-0.07276497175677328,-1.094526401978412,1.6455567016261552,0.5596406313378746,-1.0060181084889308,0.9860966422066364,0.0,0.0,0.0,1.0
-1.1803065304894995,1.0100505037878158,-0.14985287163076313,0.981177118456265,-0.9928903907106499,0.9578859753157553,1.5960099209103864,0.34073950535281977,-1.250296550336953,1.0840459408623657,-0.31610813806459825,1.5820141874859515,1.1143117365968873,0.6222327108466555,-1.7346077198723144,-0.6353166675633032,0.7302398134149221,0.5596406313378746,-1.0060181084889308,0.9860966422066364,0.0,0.0,0.0,1.0
-0.7842293677553387,-0.9900495037128095,-0.7627480521246808,-1.019183979313898,0.15908825032734747,0.9578859753157553,1.2101474363619655,-1.0464951220377958,-0.28959500428040014,-0.6647678374999909,0.838474155936022,-1.219618592265118,-1.6443639632927034,0.6498962273717216,-0.310171078630422,-0.1761069331481943,0.3641130581304287,0.5596406313378746,-1.0060181084889308,0.9860966422066364,0.0,0.0,1.0,0.0
-0.5383883701962044,-0.9900495037128095,1.3210955615546396,0.981177118456265,0.6198797067425464,-1.0439655927422493,-0.2781792897533724,-1.3933037788854497,0.16249984092268352,-1.539174726681169,0.013772517364150388,-1.1948253818248429,-0.32519856988912393,-0.7646315842766505,1.351671669485119,2.1199417389273503,1.0963665686994153,0.5596406313378746,-1.0060181084889308,0.9860966422066364,1.0,0.0,0.0,0.0
0.9594206704881508,-0.9900495037128095,-1.253064196519815,-1.019183979313898,-0.532098934295451,0.9578859753157553,-0.9396578346935226,0.6875481622004737,-1.1372728390361821,1.5212493854529547,-0.31610813806459825,-0.46229870972581033,-1.579562856248317,0.2764387542833313,-0.07276497175677328,-0.1761069331481943,-0.36814045243855786,0.5596406313378746,0.9940178924830986,-1.0140993866100703,0.0,0.0,1.0,0.0
-0.6613088689757716,-0.9900495037128095,0.9533584532582887,-1.019183979313898,2.2326498041957428,-1.0439655927422493,-0.5537953501451016,-1.3933037788854497,0.9254098922028873,0.2096390516811874,1.6631757945078938,-0.8747675743231118,0.9314800417216544,1.2677147630981942,-0.310171078630422,0.2831028012669145,1.4624933239839086,0.5596406313378746,0.9940178924830986,0.9860966422066364,0.0,0.0,0.0,1.0
-0.053535291676800704,-0.9900495037128095,-0.6401690160258973,-1.019183979313898,-0.07130747788025202,-1.0439655927422493,-0.8845346226151768,-1.3933037788854497,-0.28959500428040014,-0.22756439290940172,-0.31610813806459825,-0.4307437146200058,0.5125871711847283,0.4682391355237885,-1.259795506125017,-1.094526401978412,0.7302398134149221,-1.7868609675630667,-1.0060181084889308,0.9860966422066364,0.0,0.0,1.0,0.0
-0.6886245353712309,-0.9900495037128095,-0.6401690160258973,-1.019183979313898,-0.7624946625030504,-1.0439655927422493,-0.7742881984584851,-1.0464951220377958,0.36029133569903266,-0.6647678374999909,1.333295139079145,1.5436974077146175,1.0055384497723816,0.24600888610575875,-0.07276497175677328,0.053497934059360104,-1.4665207182920377,0.5596406313378746,0.9940178924830986,0.9860966422066364,0.0,0.0,1.0,0.0
-0.19238992918705247,-0.9900495037128095,-0.3950109438283302,0.981177118456265,-0.9928903907106499,0.9578859753157553,0.9345313759702363,-1.0464951220377958,1.1514573148044291,1.5212493854529547,-1.3057501043508444,-0.23465195931964938,0.5727596277259442,-1.0569427422248472,-1.7346077198723144,-0.6353166675633032,-0.7342672077230512,0.5596406313378746,-1.0060181084889308,0.9860966422066364,1.0,0.0,0.0,0.0
0.4222125647107832,1.0100505037878158,1.6888326698509901,0.981177118456265,-0.9928903907106499,-1.0439655927422493,-0.6640417743017933,0.34073950535281977,1.1232013869792363,0.2096390516811874,-1.635630759779593,-1.0460661191831933,-0.12153794774962394,0.49221418317884563,0.6394533488641729,-1.3241312691859664,1.4624933239839086,0.5596406313378746,-1.0060181084889308,-1.0140993866100703,0.0,0.0,1.0,0.0
0.2674237884698468,-0.9900495037128095,1.5662536337522064,-1.019183979313898,-0.9928903907106499,-1.0439655927422493,-0.16793286559668072,-0.006069151494834045,1.6318080878327055,0.6468424962717766,-1.635630759779593,2.1793051662743936,1.6928930494931942,1.4549045582511406,1.1142655626114704,-1.3241312691859664,1.4624933239839086,-1.7868609675630667,-1.0060181084889308,-1.0140993866100703,0.0,0.0,0.0,1.0
0.7795925333847099,1.0100505037878158,-0.6401690160258973,-1.019183979313898,1.0806711631577455,-1.0439655927422493,0.49354567934346943,-0.3528778083424879,0.8971539643776945,-0.22756439290940172,1.4982354667935194,0.10794513040051357,-0.9292374605528683,-0.6825631519189548,1.5890777763587678,0.7423125356820234,-1.6495840959342845,-1.7868609675630667,0.9940178924830986,0.9860966422066364,0.0,1.0,0.0,0.0
-0.1878373181211426,1.0100505037878158,1.4436745976534233,0.981177118456265,-0.7624946625030504,0.9578859753157553,-0.11280965351833487,1.3811654758957816,0.9254098922028873,-0.6647678374999909,1.0034144836503964,0.6759350423049942,1.5308902818822283,0.563217208926515,0.8768594557378216,2.1199417389273503,0.3641130581304287,0.5596406313378746,-1.0060181084889308,0.9860966422066364,0.0,0.0,1.0,0.0
-0.556598814459844,1.0100505037878158,1.5662536337522064,0.981177118456265,-0.9928903907106499,-1.0439655927422493,1.3203938605186571,-0.006069151494834045,0.9254098922028873,-0.6647678374999909,-1.14080977663647,-0.34734837041180827,-1.669821541060141,0.982780542890015,-1.7346077198723144,-0.8649215347708576,1.6455567016261552,0.5596406313378746,0.9940178924830986,0.9860966422066364,0.0,0.0,1.0,0.0
-0.29254737263707015,-0.9900495037128095,-0.027273835531979467,-1.019183979313898,-0.07130747788025202,0.9578859753157553,0.49354567934346943,-1.3933037788854497,0.3320354078738399,-0.6647678374999909,1.0034144836503964,0.34911545013773354,0.4709293166561942,0.4129121024736566,0.8768594557378216,-0.1761069331481943,0.9133031910571687,0.5596406313378746,-1.0060181084889308,0.9860966422066364,0.0,0.0,1.0,0.0
0.950315448356331,1.0100505037878158,-1.253064196519815,0.981177118456265,0.8502754349501459,0.9578859753157553,0.3281760431084319,-1.3933037788854497,-0.9959931999102184,1.0840459408623657,1.1683548113647708,-0.3135394470841606,-1.6952791188275784,-0.576519671906202,-0.07276497175677328,0.5127076684744689,1.4624933239839086,0.5596406313378746,-1.0060181084889308,0.9860966422066364,0.0,1.0,0.0,0.0
0.9434865317574661,-0.9900495037128095,-1.253064196519815,0.981177118456265,-0.532098934295451,0.9578859753157553,0.27305283103008604,1.3811654758957816,1.0101776756784655,-0.22756439290940172,-0.6459887934933469,-0.4465212121729081,1.2346566496793192,1.6882002142791965,1.5890777763587678,-0.4057118003557487,1.279429946341662,0.5596406313378746,0.9940178924830986,0.9860966422066364,0.0,0.0,0.0,1.0
1.7174304129621483,1.0100505037878158,-1.253064196519815,-1.019183979313898,1.311066891365345,0.9578859753157553,-0.2781792897533724,-0.6996864651901419,0.19075576874787625,1.5212493854529547,0.17871284507852472,-1.1159378940603317,-1.7161080460918454,0.28842627811085986,0.40204724199052416,-1.3241312691859664,-0.36814045243855786,0.5596406313378746,-1.0060181084889308,-1.0140993866100703,0.0,0.0,1.0,0.0
1.728811940626923,1.0100505037878158,-0.3950109438283302,-1.019183979313898,0.8502754349501459,-1.0439655927422493,-0.05768644143998903,0.34073950535281977,1.57529623218232,1.5212493854529547,1.4982354667935194,-1.3413307162446495,0.24181111674925673,0.1722395087055829,1.1142655626114704,0.7423125356820234,1.279429946341662,0.5596406313378746,0.9940178924830986,-1.0140993866100703,0.0,0.0,1.0,0.0
1.7128778018962383,1.0100505037878158,0.3404632727643712,-1.019183979313898,1.5414626195729444,-1.0439655927422493,-1.2703971071635978,0.6875481622004737,-1.3068084059873384,-0.6647678374999909,0.34365317279289903,0.23867296726741785,0.29041194703254647,-0.5654542652961756,1.1142655626114704,0.5127076684744689,-0.36814045243855786,-1.7868609675630667,-1.0060181084889308,-1.0140993866100703,0.0,1.0,0.0,0.0
0.9594206704881508,-0.9900495037128095,1.5662536337522064,0.981177118456265,-0.07130747788025202,-1.0439655927422493,-1.3806435313202894,1.0343568190481278,1.2362250982800074,-1.539174726681169,-0.6459887934933469,-1.282728582476727,-0.20022500630352166,-0.5470119209461316,-0.07276497175677328,-1.3241312691859664,-0.7342672077230512,-1.7868609675630667,-1.0060181084889308,-1.0140993866100703,0.0,1.0,0.0,0.0
-0.43140201014732193,-0.9900495037128095,-1.1304851604210315,0.981177118456265,0.8502754349501459,0.9578859753157553,-1.6562595917120186,-0.6996864651901419,0.8971539643776945,0.6468424962717766,0.013772517364150388,-1.3661239266849243,0.7231907690789839,-1.5594966257635452,-0.5475771855040708,0.2831028012669145,-0.9173305853652978,0.5596406313378746,-1.0060181084889308,-1.0140993866100703,1.0,0.0,0.0,0.0
1.1005516135313576,-0.9900495037128095,1.3210955615546396,-1.019183979313898,0.8502754349501459,-1.0439655927422493,-0.7742881984584851,1.0343568190481278,1.038433603503658,-1.10197128209058,1.0034144836503964,0.49562078455754005,1.1328263386095692,1.0574720375076931,0.40204724199052416,-1.3241312691859664,0.7302398134149221,0.5596406313378746,-1.0060181084889308,0.9860966422066364,0.0,0.0,0.0,1.0
0.9867363368836102,1.0100505037878158,-1.253064196519815,0.981177118456265,2.0022540759881435,0.9578859753157553,-0.002563229361643179,0.6875481622004737,0.95366582002808,-1.539174726681169,1.6631757945078938,1.4332549248443018,1.4915467526052795,-0.7904508663667119,1.1142655626114704,-0.4057118003557487,1.6455567016261552,0.5596406313378746,0.9940178924830986,-1.0140993866100703,0.0,1.0,0.0,0.0
0.3994495093812338,1.0100505037878158,0.8307794171595057,0.981177118456265,-0.9928903907106499,0.9578859753157553,0.9345313759702363,-0.006069151494834045,-1.1090169112109893,-0.22756439290940172,-1.4706904320652185,-1.1610164584971954,-0.8436074262442148,0.15287504713803673,0.16464113511687545,-1.3241312691859664,0.18104968048818207,0.5596406313378746,0.9940178924830986,-1.0140993866100703,0.0,1.0,0.0,0.0
0.5656198132869449,-0.9900495037128095,-1.253064196519815,-1.019183979313898,0.38948397853494693,0.9578859753157553,1.375517072597003,0.6875481622004737,-1.5893676842392657,-0.6647678374999909,0.34365317279289903,-1.1384771762787635,-1.119012131182857,0.40461304751613686,1.351671669485119,-0.4057118003557487,0.5471764357726754,0.5596406313378746,-1.0060181084889308,-1.0140993866100703,0.0,0.0,1.0,0.0
